fileName,scientificName,Genus,Family
INHS_FISH_59772.jpg,Lepomis cyanellus,Lepomis,Centrarchidae
INHS_FISH_4051.jpg,Noturus gyrinus,Noturus,Ictaluridae
INHS_FISH_38963.jpg,Esox americanus,Esox,Esocidae
INHS_FISH_30228.jpg,Lepomis cyanellus,Lepomis,Centrarchidae
INHS_FISH_18909.jpg,Cyprinus carpio,Cyprinus,Cyprinidae
INHS_FISH_58745.jpg,Lepomis cyanellus,Lepomis,Centrarchidae
INHS_FISH_107971.jpg,Esox americanus,Esox,Esocidae
INHS_FISH_93371.jpg,Lepomis cyanellus,Lepomis,Centrarchidae
INHS_FISH_45083.jpg,Lepomis auritus,Lepomis,Centrarchidae
INHS_FISH_100521.jpg,Cyprinus carpio,Cyprinus,Cyprinidae
INHS_FISH_47115.jpg,Lepomis cyanellus,Lepomis,Centrarchidae
INHS_FISH_104982.jpg,Noturus exilis,Noturus,Ictaluridae
INHS_FISH_30570.jpg,Noturus flavus,Noturus,Ictaluridae
INHS_FISH_100636.jpg,Lepomis cyanellus,Lepomis,Centrarchidae
INHS_FISH_23182.jpg,Noturus gyrinus,Noturus,Ictaluridae
INHS_FISH_38018.jpg,Noturus gyrinus,Noturus,Ictaluridae
INHS_FISH_3026.jpg,Lepomis cyanellus,Lepomis,Centrarchidae
INHS_FISH_68715.jpg,Lepomis cyanellus,Lepomis,Centrarchidae
INHS_FISH_42898.jpg,Noturus flavus,Noturus,Ictaluridae
INHS_FISH_88453.jpg,Carassius auratus,Carassius,Cyprinidae
INHS_FISH_026162.jpg,Carassius auratus,Carassius,Cyprinidae
INHS_FISH_80646.jpg,Noturus flavus,Noturus,Ictaluridae
INHS_FISH_59327.jpg,Carassius auratus,Carassius,Cyprinidae
INHS_FISH_61749.jpg,Noturus exilis,Noturus,Ictaluridae
INHS_FISH_23262.jpg,Lepomis cyanellus,Lepomis,Centrarchidae
INHS_FISH_98732.jpg,Lepomis cyanellus,Lepomis,Centrarchidae
INHS_FISH_90194.jpg,Esox americanus,Esox,Esocidae
INHS_FISH_6228.jpg,Lepomis cyanellus,Lepomis,Centrarchidae
INHS_FISH_9169.jpg,Esox americanus,Esox,Esocidae
INHS_FISH_32929.jpg,Cyprinus carpio,Cyprinus,Cyprinidae
INHS_FISH_7021.jpg,Noturus gyrinus,Noturus,Ictaluridae
INHS_FISH_83749.jpg,Esox lucius,Esox,Esocidae
INHS_FISH_42717.jpg,Noturus eleutherus,Noturus,Ictaluridae
INHS_FISH_46191.jpg,Esox americanus,Esox,Esocidae
INHS_FISH_104646.jpg,Lepomis cyanellus,Lepomis,Centrarchidae
INHS_FISH_87589.jpg,Esox lucius,Esox,Esocidae
INHS_FISH_56375.jpg,Cyprinus carpio,Cyprinus,Cyprinidae
INHS_FISH_87500.jpg,Lepomis auritus,Lepomis,Centrarchidae
INHS_FISH_63738.jpg,Noturus exilis,Noturus,Ictaluridae
INHS_FISH_89331.jpg,Lepomis cyanellus,Lepomis,Centrarchidae
INHS_FISH_100772.jpg,Noturus gyrinus,Noturus,Ictaluridae
INHS_FISH_54157.jpg,Noturus flavus,Noturus,Ictaluridae
INHS_FISH_102495.jpg,Noturus flavus,Noturus,Ictaluridae
INHS_FISH_50741.jpg,Esox americanus,Esox,Esocidae
INHS_FISH_59400.jpg,Lepomis auritus,Lepomis,Centrarchidae
INHS_FISH_46224.jpg,Esox americanus,Esox,Esocidae
INHS_FISH_49935.jpg,Cyprinus carpio,Cyprinus,Cyprinidae
INHS_FISH_45318.jpg,Cyprinus carpio,Cyprinus,Cyprinidae
INHS_FISH_99351.jpg,Noturus gyrinus,Noturus,Ictaluridae
INHS_FISH_46448.jpg,Lepomis cyanellus,Lepomis,Centrarchidae
INHS_FISH_22345.jpg,Cyprinus carpio,Cyprinus,Cyprinidae
INHS_FISH_2930.jpg,Lepomis cyanellus,Lepomis,Centrarchidae
INHS_FISH_58837.jpg,Cyprinus carpio,Cyprinus,Cyprinidae
INHS_FISH_47662.jpg,Lepomis cyanellus,Lepomis,Centrarchidae
INHS_FISH_59647.jpg,Lepomis auritus,Lepomis,Centrarchidae
INHS_FISH_30215.jpg,Lepomis cyanellus,Lepomis,Centrarchidae
INHS_FISH_57524.jpg,Noturus flavus,Noturus,Ictaluridae
INHS_FISH_77457.jpg,Esox lucius,Esox,Esocidae
INHS_FISH_108310.jpg,Esox americanus,Esox,Esocidae
INHS_FISH_77132.jpg,Noturus gyrinus,Noturus,Ictaluridae
INHS_FISH_17424.jpg,Noturus gyrinus,Noturus,Ictaluridae
INHS_FISH_025698.jpg,Carassius auratus,Carassius,Cyprinidae
INHS_FISH_65024.jpg,Lepomis cyanellus,Lepomis,Centrarchidae
INHS_FISH_32325.jpg,Noturus insignis,Noturus,Ictaluridae
INHS_FISH_13056.jpg,Cyprinus carpio,Cyprinus,Cyprinidae
INHS_FISH_3491.jpg,Lepomis cyanellus,Lepomis,Centrarchidae
INHS_FISH_51409.jpg,Lepomis cyanellus,Lepomis,Centrarchidae
INHS_FISH_51437.jpg,Lepomis cyanellus,Lepomis,Centrarchidae
INHS_FISH_20690.jpg,Lepomis cyanellus,Lepomis,Centrarchidae
INHS_FISH_58884.jpg,Lepomis cyanellus,Lepomis,Centrarchidae
INHS_FISH_37733.jpg,Noturus flavus,Noturus,Ictaluridae
INHS_FISH_10646.jpg,Cyprinus carpio,Cyprinus,Cyprinidae
INHS_FISH_2401.jpg,Lepomis cyanellus,Lepomis,Centrarchidae
INHS_FISH_82719.jpg,Lepomis cyanellus,Lepomis,Centrarchidae
INHS_FISH_95180.jpg,Esox americanus,Esox,Esocidae
INHS_FISH_93197.jpg,Lepomis cyanellus,Lepomis,Centrarchidae
INHS_FISH_23986.jpg,Lepomis cyanellus,Lepomis,Centrarchidae
INHS_FISH_86895.jpg,Lepomis auritus,Lepomis,Centrarchidae
INHS_FISH_89111.jpg,Lepomis cyanellus,Lepomis,Centrarchidae
INHS_FISH_11083.jpg,Lepomis cyanellus,Lepomis,Centrarchidae
INHS_FISH_79838.jpg,Lepomis cyanellus,Lepomis,Centrarchidae
INHS_FISH_56382.jpg,Noturus gyrinus,Noturus,Ictaluridae
INHS_FISH_53152.jpg,Esox americanus,Esox,Esocidae
INHS_FISH_1587.jpg,Lepomis cyanellus,Lepomis,Centrarchidae
INHS_FISH_108535.jpg,Noturus gyrinus,Noturus,Ictaluridae
INHS_FISH_73804.jpg,Lepomis cyanellus,Lepomis,Centrarchidae
INHS_FISH_58949.jpg,Esox americanus,Esox,Esocidae
INHS_FISH_12992.jpg,Esox americanus,Esox,Esocidae
INHS_FISH_98964.jpg,Lepomis cyanellus,Lepomis,Centrarchidae
INHS_FISH_95977.jpg,Cyprinus carpio,Cyprinus,Cyprinidae
INHS_FISH_98083.jpg,Lepomis cyanellus,Lepomis,Centrarchidae
INHS_FISH_57501.jpg,Lepomis cyanellus,Lepomis,Centrarchidae
INHS_FISH_96007.jpg,Lepomis cyanellus,Lepomis,Centrarchidae
INHS_FISH_429.jpg,Noturus flavus,Noturus,Ictaluridae
INHS_FISH_2475.jpg,Noturus flavus,Noturus,Ictaluridae
INHS_FISH_30939.jpg,Lepomis cyanellus,Lepomis,Centrarchidae
INHS_FISH_25087.jpg,Cyprinus carpio,Cyprinus,Cyprinidae
INHS_FISH_47587.jpg,Lepomis cyanellus,Lepomis,Centrarchidae
INHS_FISH_77561.jpg,Cyprinus carpio,Cyprinus,Cyprinidae
INHS_FISH_32456.jpg,Lepomis cyanellus,Lepomis,Centrarchidae
INHS_FISH_2237.jpg,Esox americanus,Esox,Esocidae
INHS_FISH_5983.jpg,Esox americanus,Esox,Esocidae
INHS_FISH_11789.jpg,Noturus flavus,Noturus,Ictaluridae
INHS_FISH_58723.jpg,Lepomis cyanellus,Lepomis,Centrarchidae
INHS_FISH_21565.jpg,Noturus gyrinus,Noturus,Ictaluridae
INHS_FISH_30573.jpg,Lepomis cyanellus,Lepomis,Centrarchidae
INHS_FISH_93451.jpg,Cyprinus carpio,Cyprinus,Cyprinidae
INHS_FISH_95087.jpg,Lepomis cyanellus,Lepomis,Centrarchidae
INHS_FISH_58562.jpg,Lepomis cyanellus,Lepomis,Centrarchidae
INHS_FISH_96891.jpg,Lepomis cyanellus,Lepomis,Centrarchidae
INHS_FISH_108140.jpg,Esox americanus,Esox,Esocidae
INHS_FISH_4798.jpg,Lepomis cyanellus,Lepomis,Centrarchidae
INHS_FISH_5607.jpg,Lepomis cyanellus,Lepomis,Centrarchidae
INHS_FISH_017196.jpg,Cyprinus carpio,Cyprinus,Cyprinidae
INHS_FISH_20523.jpg,Lepomis cyanellus,Lepomis,Centrarchidae
INHS_FISH_93340.jpg,Carassius auratus,Carassius,Cyprinidae
INHS_FISH_57607.jpg,Noturus gyrinus,Noturus,Ictaluridae
INHS_FISH_105265.jpg,Lepomis cyanellus,Lepomis,Centrarchidae
INHS_FISH_51429.jpg,Lepomis auritus,Lepomis,Centrarchidae
INHS_FISH_14454.jpg,Cyprinus carpio,Cyprinus,Cyprinidae
INHS_FISH_2257.jpg,Lepomis cyanellus,Lepomis,Centrarchidae
INHS_FISH_50729.jpg,Lepomis cyanellus,Lepomis,Centrarchidae
INHS_FISH_126.jpg,Noturus gyrinus,Noturus,Ictaluridae
INHS_FISH_85433.jpg,Noturus flavus,Noturus,Ictaluridae
INHS_FISH_3003.jpg,Esox americanus,Esox,Esocidae
INHS_FISH_6820.jpg,Noturus gyrinus,Noturus,Ictaluridae
INHS_FISH_21758.jpg,Cyprinus carpio,Cyprinus,Cyprinidae
INHS_FISH_88301.jpg,Esox americanus,Esox,Esocidae
INHS_FISH_25279.jpg,Carassius auratus,Carassius,Cyprinidae
INHS_FISH_15451.jpg,Esox americanus,Esox,Esocidae
INHS_FISH_5603.jpg,Noturus flavus,Noturus,Ictaluridae
INHS_FISH_6398.jpg,Cyprinus carpio,Cyprinus,Cyprinidae
INHS_FISH_3186.jpg,Esox lucius,Esox,Esocidae
INHS_FISH_50300.jpg,Cyprinus carpio,Cyprinus,Cyprinidae
INHS_FISH_39616.jpg,Esox americanus,Esox,Esocidae
INHS_FISH_105749.jpg,Esox americanus,Esox,Esocidae
INHS_FISH_63274.jpg,Esox americanus,Esox,Esocidae
INHS_FISH_47774.jpg,Cyprinus carpio,Cyprinus,Cyprinidae
INHS_FISH_93918.jpg,Noturus flavus,Noturus,Ictaluridae
INHS_FISH_62299.jpg,Noturus flavus,Noturus,Ictaluridae
INHS_FISH_11536.jpg,Esox americanus,Esox,Esocidae
INHS_FISH_6183.jpg,Noturus gyrinus,Noturus,Ictaluridae
INHS_FISH_4360.jpg,Esox americanus,Esox,Esocidae
INHS_FISH_8939.jpg,Noturus gyrinus,Noturus,Ictaluridae
INHS_FISH_12930.jpg,Esox americanus,Esox,Esocidae
INHS_FISH_62927.jpg,Lepomis auritus,Lepomis,Centrarchidae
INHS_FISH_92623.jpg,Noturus gyrinus,Noturus,Ictaluridae
INHS_FISH_105636.jpg,Noturus flavus,Noturus,Ictaluridae
INHS_FISH_75258.jpg,Lepomis auritus,Lepomis,Centrarchidae
INHS_FISH_38407.jpg,Noturus insignis,Noturus,Ictaluridae
INHS_FISH_106224.jpg,Noturus flavus,Noturus,Ictaluridae
INHS_FISH_026103.jpg,Carassius auratus,Carassius,Cyprinidae
INHS_FISH_98495.jpg,Esox americanus,Esox,Esocidae
INHS_FISH_38979.jpg,Esox americanus,Esox,Esocidae
INHS_FISH_56994.jpg,Cyprinus carpio,Cyprinus,Cyprinidae
INHS_FISH_85232.jpg,Noturus gyrinus,Noturus,Ictaluridae
INHS_FISH_25607.jpg,Carassius auratus,Carassius,Cyprinidae
INHS_FISH_77404.jpg,Cyprinus carpio,Cyprinus,Cyprinidae
INHS_FISH_12568.jpg,Cyprinus carpio,Cyprinus,Cyprinidae
INHS_FISH_11927.jpg,Noturus flavus,Noturus,Ictaluridae
INHS_FISH_24459.jpg,Cyprinus carpio,Cyprinus,Cyprinidae
INHS_FISH_46206.jpg,Esox americanus,Esox,Esocidae
INHS_FISH_89664.jpg,Cyprinus carpio,Cyprinus,Cyprinidae
INHS_FISH_016548.jpg,Cyprinus carpio,Cyprinus,Cyprinidae
INHS_FISH_32638.jpg,Noturus gyrinus,Noturus,Ictaluridae
INHS_FISH_23153.jpg,Cyprinus carpio,Cyprinus,Cyprinidae
INHS_FISH_25303.jpg,Esox americanus,Esox,Esocidae
INHS_FISH_46363.jpg,Noturus exilis,Noturus,Ictaluridae
INHS_FISH_25108.jpg,Cyprinus carpio,Cyprinus,Cyprinidae
INHS_FISH_31009.jpg,Noturus flavus,Noturus,Ictaluridae
INHS_FISH_21653.jpg,Noturus gyrinus,Noturus,Ictaluridae
INHS_FISH_21342.jpg,Cyprinus carpio,Cyprinus,Cyprinidae
INHS_FISH_75215.jpg,Lepomis auritus,Lepomis,Centrarchidae
INHS_FISH_41315.jpg,Cyprinus carpio,Cyprinus,Cyprinidae
INHS_FISH_40045.jpg,Esox americanus,Esox,Esocidae
INHS_FISH_48520.jpg,Cyprinus carpio,Cyprinus,Cyprinidae
INHS_FISH_18547.jpg,Noturus gyrinus,Noturus,Ictaluridae
INHS_FISH_758.jpg,Cyprinus carpio,Cyprinus,Cyprinidae
INHS_FISH_64705.jpg,Noturus gyrinus,Noturus,Ictaluridae
INHS_FISH_5668.jpg,Esox americanus,Esox,Esocidae
INHS_FISH_55256.jpg,Cyprinus carpio,Cyprinus,Cyprinidae
INHS_FISH_90944.jpg,Noturus gyrinus,Noturus,Ictaluridae
INHS_FISH_026052.jpg,Cyprinus carpio,Cyprinus,Cyprinidae
INHS_FISH_90762.jpg,Carassius auratus,Carassius,Cyprinidae
INHS_FISH_59146.jpg,Noturus gyrinus,Noturus,Ictaluridae
INHS_FISH_99128.jpg,Esox lucius,Esox,Esocidae
INHS_FISH_95470.jpg,Noturus flavus,Noturus,Ictaluridae
INHS_FISH_24258.jpg,Cyprinus carpio,Cyprinus,Cyprinidae
INHS_FISH_13110.jpg,Esox americanus,Esox,Esocidae
INHS_FISH_32343.jpg,Esox americanus,Esox,Esocidae
INHS_FISH_40695.jpg,Cyprinus carpio,Cyprinus,Cyprinidae
INHS_FISH_102623.jpg,Noturus flavus,Noturus,Ictaluridae
INHS_FISH_92825.jpg,Carassius auratus,Carassius,Cyprinidae
INHS_FISH_9578.jpg,Esox americanus,Esox,Esocidae
INHS_FISH_17458.jpg,Cyprinus carpio,Cyprinus,Cyprinidae
INHS_FISH_63373.jpg,Esox americanus,Esox,Esocidae
INHS_FISH_100058.jpg,Noturus gyrinus,Noturus,Ictaluridae
INHS_FISH_97992.jpg,Esox americanus,Esox,Esocidae
INHS_FISH_106678.jpg,Esox americanus,Esox,Esocidae
INHS_FISH_40526.jpg,Noturus gyrinus,Noturus,Ictaluridae
INHS_FISH_7761.jpg,Cyprinus carpio,Cyprinus,Cyprinidae
INHS_FISH_15857.jpg,Cyprinus carpio,Cyprinus,Cyprinidae
INHS_FISH_75084.jpg,Noturus insignis,Noturus,Ictaluridae
INHS_FISH_2198.jpg,Noturus gyrinus,Noturus,Ictaluridae
INHS_FISH_46991.jpg,Lepomis auritus,Lepomis,Centrarchidae
INHS_FISH_57055.jpg,Cyprinus carpio,Cyprinus,Cyprinidae
INHS_FISH_64109.jpg,Esox lucius,Esox,Esocidae
INHS_FISH_103738.jpg,Noturus gyrinus,Noturus,Ictaluridae
INHS_FISH_90148.jpg,Noturus insignis,Noturus,Ictaluridae
INHS_FISH_90518.jpg,Cyprinus carpio,Cyprinus,Cyprinidae
INHS_FISH_18094.jpg,Noturus exilis,Noturus,Ictaluridae
INHS_FISH_63090.jpg,Esox americanus,Esox,Esocidae
INHS_FISH_68083_2.jpg,Noturus exilis,Noturus,Ictaluridae
INHS_FISH_56007.jpg,Noturus gyrinus,Noturus,Ictaluridae
INHS_FISH_6540.jpg,Esox lucius,Esox,Esocidae
INHS_FISH_58870.jpg,Cyprinus carpio,Cyprinus,Cyprinidae
INHS_FISH_19369.jpg,Cyprinus carpio,Cyprinus,Cyprinidae
INHS_FISH_91030.jpg,Esox lucius,Esox,Esocidae
INHS_FISH_81070.jpg,Esox americanus,Esox,Esocidae
INHS_FISH_95243.jpg,Esox americanus,Esox,Esocidae
INHS_FISH_32540.jpg,Noturus gyrinus,Noturus,Ictaluridae
INHS_FISH_20480.jpg,Cyprinus carpio,Cyprinus,Cyprinidae
INHS_FISH_73787.jpg,Carassius auratus,Carassius,Cyprinidae
INHS_FISH_32374.jpg,Esox americanus,Esox,Esocidae
INHS_FISH_99944.jpg,Cyprinus carpio,Cyprinus,Cyprinidae
INHS_FISH_45432.jpg,Esox americanus,Esox,Esocidae
INHS_FISH_58981.jpg,Noturus insignis,Noturus,Ictaluridae
INHS_FISH_15323.jpg,Esox americanus,Esox,Esocidae
INHS_FISH_95077.jpg,Noturus flavus,Noturus,Ictaluridae
INHS_FISH_96417.jpg,Esox americanus,Esox,Esocidae
INHS_FISH_63287.jpg,Noturus flavus,Noturus,Ictaluridae
INHS_FISH_87328.jpg,Noturus flavus,Noturus,Ictaluridae
INHS_FISH_85801.jpg,Noturus flavus,Noturus,Ictaluridae
INHS_FISH_103780.jpg,Cyprinus carpio,Cyprinus,Cyprinidae
INHS_FISH_84222.jpg,Cyprinus carpio,Cyprinus,Cyprinidae
INHS_FISH_23133.jpg,Cyprinus carpio,Cyprinus,Cyprinidae
INHS_FISH_26400.jpg,Noturus flavus,Noturus,Ictaluridae
INHS_FISH_109100.jpg,Noturus flavus,Noturus,Ictaluridae
INHS_FISH_63034.jpg,Lepomis auritus,Lepomis,Centrarchidae
INHS_FISH_102103.jpg,Cyprinus carpio,Cyprinus,Cyprinidae
INHS_FISH_7471.jpg,Cyprinus carpio,Cyprinus,Cyprinidae
INHS_FISH_85839.jpg,Noturus flavus,Noturus,Ictaluridae
INHS_FISH_7433.jpg,Esox americanus,Esox,Esocidae
INHS_FISH_84741.jpg,Esox americanus,Esox,Esocidae
INHS_FISH_91796.jpg,Esox lucius,Esox,Esocidae
INHS_FISH_87503.jpg,Noturus gyrinus,Noturus,Ictaluridae
INHS_FISH_99722.jpg,Carassius auratus,Carassius,Cyprinidae
INHS_FISH_17380.jpg,Esox americanus,Esox,Esocidae
INHS_FISH_75284.jpg,Lepomis auritus,Lepomis,Centrarchidae
INHS_FISH_6369.jpg,Noturus flavus,Noturus,Ictaluridae
INHS_FISH_80568.jpg,Noturus exilis,Noturus,Ictaluridae
INHS_FISH_805.jpg,Esox americanus,Esox,Esocidae
INHS_FISH_75276.jpg,Lepomis auritus,Lepomis,Centrarchidae
INHS_FISH_29582.jpg,Noturus gyrinus,Noturus,Ictaluridae
INHS_FISH_24127.jpg,Noturus gyrinus,Noturus,Ictaluridae
INHS_FISH_47791.jpg,Esox americanus,Esox,Esocidae
INHS_FISH_94727.jpg,Esox americanus,Esox,Esocidae
INHS_FISH_94860.jpg,Noturus gyrinus,Noturus,Ictaluridae
INHS_FISH_27397.jpg,Noturus eleutherus,Noturus,Ictaluridae
INHS_FISH_42897.jpg,Noturus eleutherus,Noturus,Ictaluridae
INHS_FISH_96502.jpg,Noturus gyrinus,Noturus,Ictaluridae
INHS_FISH_98057.jpg,Noturus flavus,Noturus,Ictaluridae
INHS_FISH_23032.jpg,Noturus flavus,Noturus,Ictaluridae
INHS_FISH_30732.jpg,Esox americanus,Esox,Esocidae
INHS_FISH_000710.jpg,Carassius auratus,Carassius,Cyprinidae
INHS_FISH_107071.jpg,Noturus exilis,Noturus,Ictaluridae
INHS_FISH_22395.jpg,Noturus flavus,Noturus,Ictaluridae
INHS_FISH_16862.jpg,Noturus eleutherus,Noturus,Ictaluridae
INHS_FISH_96551.jpg,Noturus gyrinus,Noturus,Ictaluridae
INHS_FISH_1939.jpg,Noturus flavus,Noturus,Ictaluridae
INHS_FISH_33220.jpg,Esox lucius,Esox,Esocidae
INHS_FISH_36377.jpg,Noturus flavus,Noturus,Ictaluridae
INHS_FISH_10536.jpg,Noturus flavus,Noturus,Ictaluridae
INHS_FISH_95097.jpg,Noturus flavus,Noturus,Ictaluridae
INHS_FISH_109416.jpg,Noturus flavus,Noturus,Ictaluridae
INHS_FISH_33863.jpg,Noturus gyrinus,Noturus,Ictaluridae
INHS_FISH_45086.jpg,Noturus insignis,Noturus,Ictaluridae
INHS_FISH_41053.jpg,Noturus flavus,Noturus,Ictaluridae
INHS_FISH_48211.jpg,Noturus gyrinus,Noturus,Ictaluridae
INHS_FISH_21622.jpg,Noturus exilis,Noturus,Ictaluridae
INHS_FISH_64141.jpg,Noturus eleutherus,Noturus,Ictaluridae
INHS_FISH_100972.jpg,Noturus flavus,Noturus,Ictaluridae
INHS_FISH_95916.jpg,Noturus gyrinus,Noturus,Ictaluridae
INHS_FISH_9051.jpg,Noturus exilis,Noturus,Ictaluridae
INHS_FISH_003822.jpg,Carassius auratus,Carassius,Cyprinidae
INHS_FISH_48427.jpg,Carassius auratus,Carassius,Cyprinidae
INHS_FISH_7390.jpg,Noturus gyrinus,Noturus,Ictaluridae
INHS_FISH_12572.jpg,Noturus gyrinus,Noturus,Ictaluridae
INHS_FISH_10761.jpg,Noturus flavus,Noturus,Ictaluridae
INHS_FISH_46916.jpg,Esox lucius,Esox,Esocidae
INHS_FISH_102537.jpg,Noturus gyrinus,Noturus,Ictaluridae
INHS_FISH_27267.jpg,Noturus insignis,Noturus,Ictaluridae
INHS_FISH_98794.jpg,Carassius auratus,Carassius,Cyprinidae
INHS_FISH_30530.jpg,Noturus exilis,Noturus,Ictaluridae
INHS_FISH_53052.jpg,Noturus flavus,Noturus,Ictaluridae
INHS_FISH_4161.jpg,Noturus gyrinus,Noturus,Ictaluridae
INHS_FISH_91218.jpg,Noturus flavus,Noturus,Ictaluridae
INHS_FISH_42772.jpg,Noturus flavus,Noturus,Ictaluridae
INHS_FISH_18642.jpg,Noturus flavus,Noturus,Ictaluridae
INHS_FISH_17910.jpg,Noturus exilis,Noturus,Ictaluridae
INHS_FISH_4916.jpg,Carassius auratus,Carassius,Cyprinidae
INHS_FISH_3731.jpg,Esox lucius,Esox,Esocidae
INHS_FISH_95253.jpg,Noturus gyrinus,Noturus,Ictaluridae
INHS_FISH_13297.jpg,Noturus flavus,Noturus,Ictaluridae
INHS_FISH_74205.jpg,Noturus exilis,Noturus,Ictaluridae
INHS_FISH_61785.jpg,Noturus eleutherus,Noturus,Ictaluridae
INHS_FISH_41119.jpg,Noturus flavus,Noturus,Ictaluridae
INHS_FISH_107186.jpg,Noturus gyrinus,Noturus,Ictaluridae
INHS_FISH_12762.jpg,Noturus flavus,Noturus,Ictaluridae
INHS_FISH_102092.jpg,Carassius auratus,Carassius,Cyprinidae
INHS_FISH_6497.jpg,Noturus flavus,Noturus,Ictaluridae
INHS_FISH_106563.jpg,Noturus flavus,Noturus,Ictaluridae
INHS_FISH_24644.jpg,Noturus flavus,Noturus,Ictaluridae
INHS_FISH_63588.jpg,Noturus flavus,Noturus,Ictaluridae
INHS_FISH_59719.jpg,Noturus gyrinus,Noturus,Ictaluridae
INHS_FISH_68432.jpg,Lepomis auritus,Lepomis,Centrarchidae
INHS_FISH_41171.jpg,Lepomis auritus,Lepomis,Centrarchidae
INHS_FISH_3572.jpg,Carassius auratus,Carassius,Cyprinidae
INHS_FISH_105894.jpg,Noturus gyrinus,Noturus,Ictaluridae
INHS_FISH_2426.jpg,Noturus eleutherus,Noturus,Ictaluridae
INHS_FISH_917.jpg,Noturus gyrinus,Noturus,Ictaluridae
INHS_FISH_46194.jpg,Lepomis auritus,Lepomis,Centrarchidae
INHS_FISH_105980.jpg,Noturus gyrinus,Noturus,Ictaluridae
INHS_FISH_100045.jpg,Noturus gyrinus,Noturus,Ictaluridae
INHS_FISH_4325.jpg,Esox lucius,Esox,Esocidae
INHS_FISH_81563.jpg,Noturus exilis,Noturus,Ictaluridae
INHS_FISH_63061.jpg,Lepomis auritus,Lepomis,Centrarchidae
INHS_FISH_108764.jpg,Noturus exilis,Noturus,Ictaluridae
INHS_FISH_80509.jpg,Noturus exilis,Noturus,Ictaluridae
INHS_FISH_51885.jpg,Lepomis auritus,Lepomis,Centrarchidae
INHS_FISH_50076.jpg,Lepomis auritus,Lepomis,Centrarchidae
INHS_FISH_76933.jpg,Noturus insignis,Noturus,Ictaluridae
INHS_FISH_95102.jpg,Carassius auratus,Carassius,Cyprinidae
INHS_FISH_53547.jpg,Noturus eleutherus,Noturus,Ictaluridae
INHS_FISH_87505.jpg,Noturus insignis,Noturus,Ictaluridae
INHS_FISH_91037.jpg,Esox lucius,Esox,Esocidae
INHS_FISH_75145.jpg,Noturus eleutherus,Noturus,Ictaluridae
INHS_FISH_85778.jpg,Esox lucius,Esox,Esocidae
INHS_FISH_4297.jpg,Esox lucius,Esox,Esocidae
INHS_FISH_88250.jpg,Lepomis auritus,Lepomis,Centrarchidae
INHS_FISH_82727.jpg,Lepomis auritus,Lepomis,Centrarchidae
INHS_FISH_107452.jpg,Noturus exilis,Noturus,Ictaluridae
INHS_FISH_4135.jpg,Esox lucius,Esox,Esocidae
INHS_FISH_75313.jpg,Carassius auratus,Carassius,Cyprinidae
INHS_FISH_59564.jpg,Lepomis auritus,Lepomis,Centrarchidae
INHS_FISH_74241.jpg,Noturus exilis,Noturus,Ictaluridae
INHS_FISH_61200.jpg,Noturus eleutherus,Noturus,Ictaluridae
INHS_FISH_25498.jpg,Esox lucius,Esox,Esocidae
INHS_FISH_49738.jpg,Noturus insignis,Noturus,Ictaluridae
INHS_FISH_94583.jpg,Lepomis auritus,Lepomis,Centrarchidae
INHS_FISH_58307.jpg,Noturus exilis,Noturus,Ictaluridae
INHS_FISH_56337.jpg,Noturus exilis,Noturus,Ictaluridae
INHS_FISH_108701.jpg,Noturus exilis,Noturus,Ictaluridae
INHS_FISH_63307.jpg,Noturus eleutherus,Noturus,Ictaluridae
INHS_FISH_91797.jpg,Carassius auratus,Carassius,Cyprinidae
INHS_FISH_90170.jpg,Noturus insignis,Noturus,Ictaluridae
INHS_FISH_82148.jpg,Noturus insignis,Noturus,Ictaluridae
INHS_FISH_024978.jpg,Carassius auratus,Carassius,Cyprinidae
INHS_FISH_86437.jpg,Noturus exilis,Noturus,Ictaluridae
INHS_FISH_25235.jpg,Esox lucius,Esox,Esocidae
INHS_FISH_30051.jpg,Esox lucius,Esox,Esocidae
INHS_FISH_32363.jpg,Noturus insignis,Noturus,Ictaluridae
INHS_FISH_62540.jpg,Noturus exilis,Noturus,Ictaluridae
INHS_FISH_26337.jpg,Esox lucius,Esox,Esocidae
INHS_FISH_74573.jpg,Noturus exilis,Noturus,Ictaluridae
INHS_FISH_76300.jpg,Lepomis auritus,Lepomis,Centrarchidae
INHS_FISH_90219.jpg,Lepomis auritus,Lepomis,Centrarchidae
INHS_FISH_101493.jpg,Noturus eleutherus,Noturus,Ictaluridae
INHS_FISH_73746.jpg,Noturus eleutherus,Noturus,Ictaluridae
INHS_FISH_74146.jpg,Noturus insignis,Noturus,Ictaluridae
INHS_FISH_108235.jpg,Carassius auratus,Carassius,Cyprinidae
INHS_FISH_51478.jpg,Lepomis auritus,Lepomis,Centrarchidae
INHS_FISH_23824.jpg,Esox lucius,Esox,Esocidae
INHS_FISH_85738.jpg,Esox lucius,Esox,Esocidae
INHS_FISH_99118.jpg,Esox lucius,Esox,Esocidae
INHS_FISH_45040.jpg,Lepomis auritus,Lepomis,Centrarchidae
INHS_FISH_64836.jpg,Lepomis auritus,Lepomis,Centrarchidae
INHS_FISH_95122.jpg,Carassius auratus,Carassius,Cyprinidae
INHS_FISH_51500.jpg,Lepomis auritus,Lepomis,Centrarchidae
INHS_FISH_12820.jpg,Noturus exilis,Noturus,Ictaluridae
INHS_FISH_86350.jpg,Noturus exilis,Noturus,Ictaluridae
INHS_FISH_5124.jpg,Carassius auratus,Carassius,Cyprinidae
INHS_FISH_74358.jpg,Lepomis auritus,Lepomis,Centrarchidae
INHS_FISH_46291.jpg,Noturus insignis,Noturus,Ictaluridae
INHS_FISH_86940.jpg,Lepomis auritus,Lepomis,Centrarchidae
INHS_FISH_69011.jpg,Noturus eleutherus,Noturus,Ictaluridae
INHS_FISH_82104.jpg,Lepomis auritus,Lepomis,Centrarchidae
INHS_FISH_29399.jpg,Carassius auratus,Carassius,Cyprinidae
INHS_FISH_014466.jpg,Carassius auratus,Carassius,Cyprinidae
INHS_FISH_51172.jpg,Carassius auratus,Carassius,Cyprinidae
INHS_FISH_000757.jpg,Carassius auratus,Carassius,Cyprinidae
INHS_FISH_295.jpg,Esox lucius,Esox,Esocidae
INHS_FISH_93908.jpg,Noturus insignis,Noturus,Ictaluridae
INHS_FISH_2088.jpg,Esox lucius,Esox,Esocidae
INHS_FISH_75234.jpg,Noturus insignis,Noturus,Ictaluridae
INHS_FISH_96223.jpg,Noturus eleutherus,Noturus,Ictaluridae
INHS_FISH_57050.jpg,Esox lucius,Esox,Esocidae
INHS_FISH_89702.jpg,Noturus exilis,Noturus,Ictaluridae
INHS_FISH_88450.jpg,Carassius auratus,Carassius,Cyprinidae
INHS_FISH_25217.jpg,Carassius auratus,Carassius,Cyprinidae
INHS_FISH_84617.jpg,Noturus exilis,Noturus,Ictaluridae
INHS_FISH_108766.jpg,Noturus exilis,Noturus,Ictaluridae
INHS_FISH_29741.jpg,Noturus insignis,Noturus,Ictaluridae
INHS_FISH_40727.jpg,Noturus exilis,Noturus,Ictaluridae
INHS_FISH_6648.jpg,Noturus exilis,Noturus,Ictaluridae
INHS_FISH_91048.jpg,Esox lucius,Esox,Esocidae
INHS_FISH_51445.jpg,Lepomis auritus,Lepomis,Centrarchidae
INHS_FISH_85012.jpg,Noturus exilis,Noturus,Ictaluridae
INHS_FISH_9752.jpg,Noturus eleutherus,Noturus,Ictaluridae
INHS_FISH_50032.jpg,Esox lucius,Esox,Esocidae
INHS_FISH_108714.jpg,Noturus exilis,Noturus,Ictaluridae
INHS_FISH_79504.jpg,Esox lucius,Esox,Esocidae
INHS_FISH_63713.jpg,Noturus exilis,Noturus,Ictaluridae
INHS_FISH_92612.jpg,Esox lucius,Esox,Esocidae
INHS_FISH_74127.jpg,Noturus insignis,Noturus,Ictaluridae
INHS_FISH_026757.jpg,Carassius auratus,Carassius,Cyprinidae
INHS_FISH_92074.jpg,Esox lucius,Esox,Esocidae
INHS_FISH_29612.jpg,Noturus insignis,Noturus,Ictaluridae
INHS_FISH_75225.jpg,Noturus insignis,Noturus,Ictaluridae
INHS_FISH_83473.jpg,Lepomis auritus,Lepomis,Centrarchidae
INHS_FISH_24815.jpg,Esox lucius,Esox,Esocidae
INHS_FISH_80392.jpg,Noturus exilis,Noturus,Ictaluridae
INHS_FISH_68672.jpg,Lepomis auritus,Lepomis,Centrarchidae
INHS_FISH_22213.jpg,Noturus exilis,Noturus,Ictaluridae
INHS_FISH_83999.jpg,Noturus exilis,Noturus,Ictaluridae
INHS_FISH_11445.jpg,Noturus eleutherus,Noturus,Ictaluridae
INHS_FISH_55653.jpg,Noturus eleutherus,Noturus,Ictaluridae
INHS_FISH_31069.jpg,Noturus exilis,Noturus,Ictaluridae
INHS_FISH_44707.jpg,Noturus insignis,Noturus,Ictaluridae
INHS_FISH_58391.jpg,Noturus exilis,Noturus,Ictaluridae
INHS_FISH_57041.jpg,Esox lucius,Esox,Esocidae
INHS_FISH_47006.jpg,Noturus exilis,Noturus,Ictaluridae
INHS_FISH_91459.jpg,Carassius auratus,Carassius,Cyprinidae
INHS_FISH_7459.jpg,Esox lucius,Esox,Esocidae
INHS_FISH_27134.jpg,Noturus insignis,Noturus,Ictaluridae
INHS_FISH_012567.jpg,Carassius auratus,Carassius,Cyprinidae
INHS_FISH_88262.jpg,Lepomis auritus,Lepomis,Centrarchidae
INHS_FISH_76861.jpg,Noturus insignis,Noturus,Ictaluridae
INHS_FISH_59010.jpg,Noturus eleutherus,Noturus,Ictaluridae
INHS_FISH_35006.jpg,Noturus insignis,Noturus,Ictaluridae
INHS_FISH_686.jpg,Esox lucius,Esox,Esocidae
INHS_FISH_64335.jpg,Noturus eleutherus,Noturus,Ictaluridae
INHS_FISH_27196.jpg,Noturus insignis,Noturus,Ictaluridae
INHS_FISH_25964.jpg,Carassius auratus,Carassius,Cyprinidae
INHS_FISH_025834.jpg,Carassius auratus,Carassius,Cyprinidae
INHS_FISH_59426.jpg,Lepomis auritus,Lepomis,Centrarchidae
INHS_FISH_62271.jpg,Noturus exilis,Noturus,Ictaluridae
INHS_FISH_74738.jpg,Lepomis auritus,Lepomis,Centrarchidae
INHS_FISH_90210.jpg,Lepomis auritus,Lepomis,Centrarchidae
INHS_FISH_74076.jpg,Noturus insignis,Noturus,Ictaluridae
INHS_FISH_83472.jpg,Noturus insignis,Noturus,Ictaluridae
INHS_FISH_29732.jpg,Noturus insignis,Noturus,Ictaluridae
INHS_FISH_82823.jpg,Noturus exilis,Noturus,Ictaluridae
INHS_FISH_33654.jpg,Noturus exilis,Noturus,Ictaluridae
INHS_FISH_92572.jpg,Esox lucius,Esox,Esocidae
INHS_FISH_47733.jpg,Noturus exilis,Noturus,Ictaluridae
INHS_FISH_44694.jpg,Noturus insignis,Noturus,Ictaluridae
INHS_FISH_81018.jpg,Noturus exilis,Noturus,Ictaluridae
INHS_FISH_90177.jpg,Lepomis auritus,Lepomis,Centrarchidae
INHS_FISH_32267.jpg,Noturus exilis,Noturus,Ictaluridae
INHS_FISH_40676.jpg,Lepomis auritus,Lepomis,Centrarchidae
INHS_FISH_006548.jpg,Carassius auratus,Carassius,Cyprinidae
INHS_FISH_104736.jpg,Noturus exilis,Noturus,Ictaluridae
INHS_FISH_67924.jpg,Lepomis auritus,Lepomis,Centrarchidae
INHS_FISH_59062.jpg,Lepomis auritus,Lepomis,Centrarchidae
INHS_FISH_97141.jpg,Carassius auratus,Carassius,Cyprinidae
INHS_FISH_026243.jpg,Carassius auratus,Carassius,Cyprinidae
INHS_FISH_48411.jpg,Esox lucius,Esox,Esocidae
INHS_FISH_26975.jpg,Esox lucius,Esox,Esocidae
INHS_FISH_80695.jpg,Noturus exilis,Noturus,Ictaluridae
INHS_FISH_52208.jpg,Esox lucius,Esox,Esocidae
INHS_FISH_107230.jpg,Esox lucius,Esox,Esocidae
INHS_FISH_25907.jpg,Carassius auratus,Carassius,Cyprinidae
INHS_FISH_97321.jpg,Esox lucius,Esox,Esocidae
INHS_FISH_104031.jpg,Noturus eleutherus,Noturus,Ictaluridae
INHS_FISH_99121.jpg,Esox lucius,Esox,Esocidae
INHS_FISH_48340.jpg,Noturus eleutherus,Noturus,Ictaluridae
INHS_FISH_44641.jpg,Esox lucius,Esox,Esocidae
INHS_FISH_47068.jpg,Lepomis auritus,Lepomis,Centrarchidae
INHS_FISH_46332.jpg,Lepomis auritus,Lepomis,Centrarchidae
INHS_FISH_50082.jpg,Noturus insignis,Noturus,Ictaluridae
INHS_FISH_29618.jpg,Noturus insignis,Noturus,Ictaluridae
INHS_FISH_106363.jpg,Lepomis auritus,Lepomis,Centrarchidae
INHS_FISH_28597.jpg,Lepomis auritus,Lepomis,Centrarchidae
INHS_FISH_75164.jpg,Noturus insignis,Noturus,Ictaluridae
INHS_FISH_59381.jpg,Lepomis auritus,Lepomis,Centrarchidae
INHS_FISH_83522.jpg,Noturus insignis,Noturus,Ictaluridae
INHS_FISH_9423.jpg,Noturus eleutherus,Noturus,Ictaluridae
INHS_FISH_83767.jpg,Esox lucius,Esox,Esocidae
INHS_FISH_25478.jpg,Carassius auratus,Carassius,Cyprinidae
INHS_FISH_99106.jpg,Esox lucius,Esox,Esocidae
INHS_FISH_46173.jpg,Lepomis auritus,Lepomis,Centrarchidae
INHS_FISH_103344.jpg,Noturus exilis,Noturus,Ictaluridae
INHS_FISH_31011.jpg,Noturus insignis,Noturus,Ictaluridae
INHS_FISH_44590.jpg,Noturus exilis,Noturus,Ictaluridae
INHS_FISH_47027.jpg,Lepomis auritus,Lepomis,Centrarchidae
INHS_FISH_000835.jpg,Carassius auratus,Carassius,Cyprinidae
INHS_FISH_83542.jpg,Noturus insignis,Noturus,Ictaluridae
INHS_FISH_53622.jpg,Noturus eleutherus,Noturus,Ictaluridae
INHS_FISH_4341.jpg,Esox lucius,Esox,Esocidae
INHS_FISH_99125.jpg,Esox lucius,Esox,Esocidae
INHS_FISH_33588.jpg,Noturus insignis,Noturus,Ictaluridae
INHS_FISH_26197.jpg,Esox lucius,Esox,Esocidae
INHS_FISH_57017.jpg,Carassius auratus,Carassius,Cyprinidae
INHS_FISH_101143.jpg,Carassius auratus,Carassius,Cyprinidae
INHS_FISH_104808.jpg,Esox lucius,Esox,Esocidae
INHS_FISH_2410.jpg,Noturus eleutherus,Noturus,Ictaluridae
INHS_FISH_33737.jpg,Carassius auratus,Carassius,Cyprinidae
INHS_FISH_9987.jpg,Noturus eleutherus,Noturus,Ictaluridae
INHS_FISH_48320.jpg,Noturus eleutherus,Noturus,Ictaluridae
INHS_FISH_51418.jpg,Noturus insignis,Noturus,Ictaluridae
INHS_FISH_025552.jpg,Carassius auratus,Carassius,Cyprinidae
INHS_FISH_60892.jpg,Noturus eleutherus,Noturus,Ictaluridae
INHS_FISH_2510.jpg,Noturus eleutherus,Noturus,Ictaluridae
INHS_FISH_2459.jpg,Noturus eleutherus,Noturus,Ictaluridae
INHS_FISH_831.jpg,Carassius auratus,Carassius,Cyprinidae
INHS_FISH_93884.jpg,Noturus eleutherus,Noturus,Ictaluridae
INHS_FISH_26065.jpg,Carassius auratus,Carassius,Cyprinidae
INHS_FISH_32534.jpg,Noturus insignis,Noturus,Ictaluridae
INHS_FISH_93450.jpg,Carassius auratus,Carassius,Cyprinidae
INHS_FISH_29712.jpg,Noturus insignis,Noturus,Ictaluridae
INHS_FISH_31003.jpg,Noturus insignis,Noturus,Ictaluridae
INHS_FISH_82012.jpg,Noturus insignis,Noturus,Ictaluridae
INHS_FISH_88177.jpg,Noturus insignis,Noturus,Ictaluridae
INHS_FISH_74106.jpg,Noturus insignis,Noturus,Ictaluridae
INHS_FISH_64251.jpg,Noturus eleutherus,Noturus,Ictaluridae
INHS_FISH_53366.jpg,Noturus eleutherus,Noturus,Ictaluridae
INHS_FISH_33504.jpg,Noturus eleutherus,Noturus,Ictaluridae
INHS_FISH_32332.jpg,Noturus insignis,Noturus,Ictaluridae
INHS_FISH_29604.jpg,Noturus insignis,Noturus,Ictaluridae
INHS_FISH_88903.jpg,Noturus eleutherus,Noturus,Ictaluridae
INHS_FISH_50043.jpg,Noturus insignis,Noturus,Ictaluridae
INHS_FISH_76849.jpg,Noturus insignis,Noturus,Ictaluridae
INHS_FISH_9867.jpg,Noturus eleutherus,Noturus,Ictaluridae
INHS_FISH_7746.jpg,Noturus eleutherus,Noturus,Ictaluridae
INHS_FISH_51439.jpg,Noturus insignis,Noturus,Ictaluridae
INHS_FISH_64071.jpg,Noturus insignis,Noturus,Ictaluridae
INHS_FISH_51703.jpg,Noturus eleutherus,Noturus,Ictaluridae
INHS_FISH_73690.jpg,Noturus eleutherus,Noturus,Ictaluridae
INHS_FISH_108931.jpg,Noturus eleutherus,Noturus,Ictaluridae
INHS_FISH_94751.jpg,Noturus eleutherus,Noturus,Ictaluridae
INHS_FISH_53594.jpg,Noturus eleutherus,Noturus,Ictaluridae
INHS_FISH_64079.jpg,Noturus eleutherus,Noturus,Ictaluridae
INHS_FISH_38458.jpg,Noturus eleutherus,Noturus,Ictaluridae
INHS_FISH_9117.jpg,Noturus eleutherus,Noturus,Ictaluridae
INHS_FISH_26685.jpg,Noturus eleutherus,Noturus,Ictaluridae
INHS_FISH_9080.jpg,Noturus eleutherus,Noturus,Ictaluridae
INHS_FISH_26594.jpg,Noturus eleutherus,Noturus,Ictaluridae
INHS_FISH_89189.jpg,Noturus eleutherus,Noturus,Ictaluridae
INHS_FISH_42303.jpg,Noturus eleutherus,Noturus,Ictaluridae
